<?xml version="1.0" encoding="UTF-8"?>
<project-private xmlns="http://www.netbeans.org/ns/project-private/1">
    <editor-bookmarks xmlns="http://www.netbeans.org/ns/editor-bookmarks/2" lastBookmarkId="0"/>
    <open-files xmlns="http://www.netbeans.org/ns/projectui-open-files/2">
        <group>
            <file>file:/C:/Users/class/OneDrive/Documentos/NetBeansProjects/POE3/src/poe3/POE3.java</file>
            <file>file:/C:/Users/class/OneDrive/Documentos/NetBeansProjects/POE3/test/MessageHandlerTest.java</file>
            <file>file:/C:/Users/class/OneDrive/Documentos/NetBeansProjects/POE3/src/ChatApp.java</file>
        </group>
    </open-files>
</project-private>
